devices,threads,single_ms,multi_ms,speedup,connected_single,failures_single,connected_multi,failures_multi
100000,1,351.962,376.171,0.935644,100000,0,100000,0
100000,2,230.617,137.631,1.67562,100000,0,100000,0
100000,4,177.929,63.0108,2.82379,100000,0,100000,0
100000,6,132.567,46.8161,2.83166,100000,0,100000,0
100000,8,120.573,36.9917,3.25948,100000,0,100000,0
100000,10,106.372,34.31,3.10032,100000,0,100000,0
